Annual_Earnings,Credit_Score,User_Age
52747,607,38
91434,710,45
91090,766,44
65795,789,25
61284,707,40
55311,659,24
56265,654,30
51685,617,40
66023,672,26
56396,683,30
50860,774,36
88158,789,39
75658,787,47
94732,650,26
78693,729,37
68942,798,30
89188,608,26
50189,774,35
69769,652,38
87194,730,24
94131,620,32
50769,731,48
67568,689,36
66850,663,26
